25/04/2025 08:04:18,33.1,32.92824,38.2,1,45772336318
25/04/2025 08:04:23,33.2,33.05845,38.3,1,45772336377
25/04/2025 08:04:28,33.3,33.26099,38.4,1,45772336435
25/04/2025 08:04:33,33.4,33.47801,38.5,1,45772336493
25/04/2025 08:04:38,33.4,33.59375,38.6,1,45772336551
25/04/2025 08:04:43,33.5,33.70949,38.7,1,45772336609
25/04/2025 08:04:48,33.6,33.82523,38.7,1,45772336667
25/04/2025 08:04:53,33.6,33.98438,38.8,1,45772336725
25/04/2025 08:04:58,33.7,34.12905,38.9,1,45772336783
25/04/2025 08:05:03,33.8,34.23032,39,1,45772336841
25/04/2025 08:05:08,33.9,34.38947,39.1,1,45772336899
25/04/2025 08:05:13,33.9,34.50521,39.2,1,45772336957
25/04/2025 08:05:18,34,34.62095,39.2,1,45772337015
25/04/2025 08:05:23,34.1,34.76563,39.4,1,45772337073
25/04/2025 08:05:28,34.2,34.92477,39.4,1,45772337131
25/04/2025 08:05:33,34.2,35.08391,39.5,1,45772337189
25/04/2025 08:05:38,34.3,35.18518,39.5,1,45772337247
25/04/2025 08:05:43,34.4,35.32986,39.6,1,45772337305
25/04/2025 08:05:48,34.4,35.43113,39.7,1,45772337363
25/04/2025 08:05:53,34.6,35.51794,39.7,1,45772337421
25/04/2025 08:05:58,34.7,35.66262,39.8,1,45772337479
25/04/2025 08:06:03,34.8,35.76389,39.9,1,45772337537
25/04/2025 08:06:08,34.9,35.87963,40,1,45772337595
25/04/2025 08:06:13,35,36.03877,40,1,45772337653
25/04/2025 08:06:18,35.1,36.21238,40,1,45772337711
25/04/2025 08:06:23,35.2,36.35706,40.1,1,45772337769
25/04/2025 08:06:28,35.3,36.54514,40.1,1,45772337827
25/04/2025 08:06:33,35.4,36.73322,40.2,1,45772337885
25/04/2025 08:06:38,35.5,36.90683,40.3,1,45772337943
25/04/2025 08:06:43,35.7,37.08044,40.3,1,45772338001
25/04/2025 08:06:48,35.8,37.22512,40.3,1,45772338059
25/04/2025 08:06:53,35.9,37.38426,40.4,1,45772338117
25/04/2025 08:06:58,36,37.52893,40.5,1,45772338175
25/04/2025 08:07:03,36.2,37.64468,40.5,1,45772338233
25/04/2025 08:07:08,36.3,37.80382,40.6,1,45772338291
25/04/2025 08:07:13,36.4,37.94849,40.7,1,45772338349
25/04/2025 08:07:18,36.5,38.15104,40.8,1,45772338408
25/04/2025 08:07:23,36.6,38.26678,40.8,1,45772338466
25/04/2025 08:07:28,36.8,38.41146,40.9,1,45772338524
25/04/2025 08:07:33,36.9,38.55613,40.9,1,45772338582
25/04/2025 08:07:38,37,38.65741,41,1,45772338640
25/04/2025 08:07:43,37.1,38.80209,41.1,1,45772338698
25/04/2025 08:07:48,37.3,38.9757,41.2,1,45772338756
25/04/2025 08:07:53,37.4,39.07697,41.3,1,45772338814
25/04/2025 08:07:59,37.5,39.16377,41.3,1,45772338872
25/04/2025 08:08:04,37.5,39.32291,41.5,1,45772338930
25/04/2025 08:08:09,37.6,39.42419,41.5,1,45772338988
25/04/2025 08:08:14,37.7,39.5978,41.6,1,45772339046
25/04/2025 08:08:19,37.8,39.65567,41.7,1,45772339104
25/04/2025 08:08:24,37.9,39.78588,41.7,1,45772339162
25/04/2025 08:08:29,38,39.93055,41.9,1,45772339220
25/04/2025 08:08:34,38.1,40.07523,42,1,45772339278
25/04/2025 08:08:39,38.2,40.19097,42.1,1,45772339336
25/04/2025 08:08:44,38.3,40.32118,42.2,1,45772339394
25/04/2025 08:08:49,38.4,40.42245,42.3,1,45772339452
25/04/2025 08:08:54,38.5,40.5382,42.4,1,45772339510
25/04/2025 08:08:59,38.6,40.65393,42.5,1,45772339568
25/04/2025 08:09:04,38.7,40.75521,42.6,1,45772339626
25/04/2025 08:09:09,38.7,40.82755,42.7,1,45772339684
25/04/2025 08:09:14,38.8,40.97222,42.8,1,45772339742
25/04/2025 08:09:19,38.9,41.08796,43,1,45772339800
25/04/2025 08:09:24,39,41.17477,43.1,1,45772339858
25/04/2025 08:09:29,39.1,41.31945,43.2,1,45772339916
25/04/2025 08:09:34,39.2,41.47859,43.3,1,45772339974
25/04/2025 08:09:39,39.3,41.57986,43.5,1,45772340032
25/04/2025 08:09:44,39.4,41.6956,43.6,1,45772340090
25/04/2025 08:09:49,39.5,41.82581,43.7,1,45772340148
25/04/2025 08:09:54,39.6,41.99942,43.9,1,45772340206
25/04/2025 08:09:59,39.7,42.11516,44,1,45772340264
25/04/2025 08:10:04,39.8,42.24537,44.1,1,45772340322
25/04/2025 08:10:09,39.9,42.36111,44.2,1,45772340380
25/04/2025 08:10:14,40,42.43345,44.3,1,45772340438
25/04/2025 08:10:19,40.1,42.49132,44.4,1,45772340496
25/04/2025 08:10:24,40.1,42.63599,44.6,1,45772340554
25/04/2025 08:10:29,40.3,42.75174,44.7,1,45772340613
25/04/2025 08:10:34,40.3,42.86748,44.8,1,45772340671
25/04/2025 08:10:39,40.4,43.01215,45,1,45772340729
25/04/2025 08:10:44,40.5,43.1279,45.1,1,45772340787
25/04/2025 08:10:49,40.6,43.2581,45.2,1,45772340845
25/04/2025 08:10:54,40.7,43.40278,45.4,1,45772340903
25/04/2025 08:10:59,40.8,43.53299,45.5,1,45772340961
25/04/2025 08:11:04,40.9,43.69213,45.6,1,45772341019
25/04/2025 08:11:09,41,43.82234,45.8,1,45772341077
25/04/2025 08:11:14,41,43.95255,45.9,1,45772341135
25/04/2025 08:11:19,41.1,44.06829,46,1,45772341193
25/04/2025 08:11:24,41.3,44.19849,46.1,1,45772341251
25/04/2025 08:11:29,41.3,44.31424,46.3,1,45772341309
25/04/2025 08:11:34,41.4,44.44445,46.4,1,45772341367
25/04/2025 08:11:39,41.5,44.57465,46.6,1,45772341425
25/04/2025 08:11:44,41.6,44.71933,46.6,1,45772341483
25/04/2025 08:11:49,41.7,44.8206,46.8,1,45772341541
25/04/2025 08:11:54,41.8,44.96528,46.9,1,45772341599
25/04/2025 08:11:59,42,45.10995,47.1,1,45772341657
25/04/2025 08:12:04,42.1,45.2257,47.2,1,45772341715
25/04/2025 08:12:09,42.2,45.3559,47.4,1,45772341773
25/04/2025 08:12:14,42.3,45.51505,47.5,1,45772341831
25/04/2025 08:12:19,42.4,45.64526,47.6,1,45772341889
25/04/2025 08:12:24,42.5,45.76099,47.7,1,45772341947
25/04/2025 08:12:29,42.6,45.8912,47.9,1,45772342005
25/04/2025 08:12:34,42.7,46.05035,47.9,1,45772342063
25/04/2025 08:12:39,42.8,46.19502,48.1,1,45772342121
25/04/2025 08:12:44,43,46.31076,48.2,1,45772342179
25/04/2025 08:12:49,43.1,46.49884,48.4,1,45772342237
25/04/2025 08:12:54,43.2,46.65799,48.5,1,45772342295
25/04/2025 08:12:59,43.3,46.71585,48.6,1,45772342353
25/04/2025 08:13:04,43.4,46.875,48.7,1,45772342412
25/04/2025 08:13:09,43.5,47.00521,48.8,1,45772342470
25/04/2025 08:13:14,43.6,47.14988,48.9,1,45772342528
25/04/2025 08:13:19,43.8,47.29456,49,1,45772342586
25/04/2025 08:13:24,43.9,47.46817,49.1,1,45772342644
25/04/2025 08:13:29,44,47.61285,49.3,1,45772342702
25/04/2025 08:13:34,44.1,47.75752,49.3,1,45772342760
25/04/2025 08:13:39,44.3,47.88773,49.4,1,45772342818
25/04/2025 08:13:44,44.4,48.06134,49.5,1,45772342876
25/04/2025 08:13:49,44.5,48.24942,49.6,1,45772342934
25/04/2025 08:13:54,44.7,48.3941,49.7,1,45772342992
25/04/2025 08:14:00,44.9,48.55324,49.8,1,45772343050
25/04/2025 08:14:05,45,48.69791,49.9,1,45772343108
25/04/2025 08:14:10,45.2,48.88599,50,1,45772343166
25/04/2025 08:14:15,45.3,49.07407,50.1,1,45772343224
25/04/2025 08:14:20,45.4,49.18982,50.2,1,45772343282
25/04/2025 08:14:25,45.5,49.36343,50.3,1,45772343340
25/04/2025 08:14:30,45.7,49.47916,50.4,1,45772343398
25/04/2025 08:14:35,45.8,49.63831,50.5,1,45772343456
25/04/2025 08:14:40,46,49.81192,50.6,1,45772343514
25/04/2025 08:14:45,46.1,49.97107,50.7,1,45772343572
25/04/2025 08:14:50,46.3,50.13021,50.8,1,45772343630
25/04/2025 08:14:55,46.5,50.26042,50.9,1,45772343688
25/04/2025 08:15:00,46.6,50.47743,50.9,1,45772343746
25/04/2025 08:15:05,46.8,50.70892,51,1,45772343804
25/04/2025 08:15:10,47,50.86806,51.2,1,45772343862
25/04/2025 08:15:15,47.2,51.0706,51.2,1,45772343920
25/04/2025 08:15:20,47.4,51.24421,51.3,1,45772343978
25/04/2025 08:15:25,47.5,51.35995,51.4,1,45772344036
25/04/2025 08:15:30,47.7,51.5191,51.5,1,45772344094
25/04/2025 08:15:35,47.9,51.62037,51.6,1,45772344152
25/04/2025 08:15:40,48,51.77951,51.7,1,45772344210
25/04/2025 08:15:45,48.2,51.95313,51.9,1,45772344268
25/04/2025 08:15:50,48.3,52.06887,52,1,45772344326
25/04/2025 08:15:55,48.4,52.22801,52.1,1,45772344384
25/04/2025 08:16:00,48.6,52.32928,52.2,1,45772344442
25/04/2025 08:16:05,48.7,52.43056,52.3,1,45772344500
25/04/2025 08:16:10,48.8,52.51736,52.5,1,45772344558
25/04/2025 08:16:15,48.9,52.6331,52.6,1,45772344616
25/04/2025 08:16:20,49,52.69097,52.7,1,45772344674
25/04/2025 08:16:25,49.1,52.74884,52.9,1,45772344732
25/04/2025 08:16:30,49.2,52.89352,53,1,45772344791
25/04/2025 08:16:35,49.3,52.99479,53.2,1,45772344849
25/04/2025 08:16:40,49.4,53.05267,53.3,1,45772344907
25/04/2025 08:16:45,49.5,53.1684,53.5,1,45772344965
25/04/2025 08:16:50,49.6,53.25521,53.7,1,45772345023
25/04/2025 08:16:55,49.7,53.37094,53.8,1,45772345081
25/04/2025 08:17:00,49.7,53.50116,53.9,1,45772345139
25/04/2025 08:17:05,49.8,53.54456,54.1,1,45772345197
25/04/2025 08:17:10,50,53.66031,54.2,1,45772345255
25/04/2025 08:17:15,50,53.73264,54.4,1,45772345313
25/04/2025 08:17:20,50.1,53.81944,54.6,1,45772345371
25/04/2025 08:17:25,50.2,53.96412,54.8,1,45772345429
25/04/2025 08:17:30,50.3,54.07986,54.9,1,45772345487
25/04/2025 08:17:35,50.3,54.22454,55.1,1,45772345545
25/04/2025 08:17:40,50.4,54.29688,55.2,1,45772345603
25/04/2025 08:17:45,50.6,54.48495,55.3,1,45772345661
25/04/2025 08:17:50,50.7,54.6441,55.5,1,45772345719
25/04/2025 08:17:55,50.8,54.75983,55.6,1,45772345777
25/04/2025 08:18:00,50.8,54.93344,55.8,1,45772345835
25/04/2025 08:18:05,51,55.04919,55.9,1,45772345893
25/04/2025 08:18:10,51.1,55.13599,56.1,1,45772345951
25/04/2025 08:18:15,51.2,55.20833,56.2,1,45772346009
25/04/2025 08:18:20,51.3,55.3096,56.4,1,45772346067
25/04/2025 08:18:25,51.4,55.38194,56.5,1,45772346125
25/04/2025 08:18:30,51.4,55.54108,56.6,1,45772346183
25/04/2025 08:18:35,51.5,55.68576,56.9,1,45772346241
25/04/2025 08:18:40,51.7,55.80151,57,1,45772346299
25/04/2025 08:18:45,51.8,55.91724,57.2,1,45772346357
25/04/2025 08:18:50,51.8,56.06192,57.3,1,45772346415
25/04/2025 08:18:55,51.9,56.17767,57.4,1,45772346473
25/04/2025 08:19:00,52,56.25,57.6,1,45772346531
25/04/2025 08:19:05,52.1,56.35127,57.7,1,45772346589
25/04/2025 08:19:10,52.2,56.45255,57.8,1,45772346647
25/04/2025 08:19:15,52.4,56.59722,58,1,45772346705
25/04/2025 08:19:20,52.5,56.66956,58.1,1,45772346763
25/04/2025 08:19:25,52.5,56.79977,58.3,1,45772346821
25/04/2025 08:19:30,52.7,56.92998,58.4,1,45772346879
25/04/2025 08:19:35,52.7,57.07465,58.6,1,45772346937
25/04/2025 08:19:40,52.8,57.1904,58.7,1,45772346995
25/04/2025 08:19:45,53,57.27719,58.8,1,45772347053
25/04/2025 08:19:50,53.1,57.37847,59,1,45772347111
25/04/2025 08:19:55,53.2,57.47974,59.1,1,45772347169
25/04/2025 08:20:00,53.3,57.62442,59.2,1,45772347227
25/04/2025 08:20:05,53.4,57.78356,59.4,1,45772347285
25/04/2025 08:20:10,53.4,57.92824,59.5,1,45772347343
25/04/2025 08:20:15,53.6,58.08738,59.7,1,45772347401
25/04/2025 08:20:20,53.7,58.17419,59.8,1,45772347459
25/04/2025 08:20:26,53.8,58.31887,59.9,1,45772347517
25/04/2025 08:20:31,53.9,58.4346,60.1,1,45772347575
25/04/2025 08:20:36,54,58.56481,60.2,1,45772347634
25/04/2025 08:20:41,54.1,58.72396,60.3,1,45772347692
25/04/2025 08:20:46,54.3,58.8831,60.5,1,45772347750
25/04/2025 08:20:51,54.5,58.99884,60.6,1,45772347808
25/04/2025 08:20:56,54.6,59.15799,60.7,1,45772347866
25/04/2025 08:21:01,54.7,59.30267,60.8,1,45772347924
25/04/2025 08:21:06,54.8,59.47627,60.9,1,45772347982
25/04/2025 08:21:11,55,59.56308,61,1,45772348040
25/04/2025 08:21:16,55.1,59.70776,61.1,1,45772348098
25/04/2025 08:21:21,55.1,59.82349,61.2,1,45772348156
25/04/2025 08:21:26,55.3,59.92477,61.3,1,45772348214
25/04/2025 08:21:31,55.4,60.08392,61.4,1,45772348272
25/04/2025 08:21:36,55.5,60.30093,61.5,1,45772348330
25/04/2025 08:21:41,55.6,60.46007,61.6,1,45772348388
25/04/2025 08:21:46,55.7,60.63368,61.7,1,45772348446
25/04/2025 08:21:51,55.9,60.79282,61.8,1,45772348504
25/04/2025 08:21:56,56.1,60.90856,61.9,1,45772348562
25/04/2025 08:22:01,56.2,61.09665,62.1,1,45772348620
25/04/2025 08:22:06,56.4,61.25579,62.2,1,45772348678
25/04/2025 08:22:11,56.5,61.37153,62.3,1,45772348736
25/04/2025 08:22:16,56.7,61.57407,62.4,1,45772348794
25/04/2025 08:22:21,56.8,61.77662,62.5,1,45772348852
25/04/2025 08:22:26,56.9,62.08044,62.6,1,45772348910
25/04/2025 08:22:31,57,62.31192,62.7,1,45772348968
25/04/2025 08:22:36,57.3,62.51447,62.8,1,45772349026
25/04/2025 08:22:41,57.4,62.64468,62.8,1,45772349084
25/04/2025 08:22:46,57.6,62.77488,63,1,45772349142
25/04/2025 08:22:51,57.7,62.97743,63.1,1,45772349200
25/04/2025 08:22:56,57.9,63.17998,63.1,1,45772349258
25/04/2025 08:23:01,58,63.38252,63.2,1,45772349316
25/04/2025 08:23:06,58.2,63.54167,63.3,1,45772349374
25/04/2025 08:23:11,58.4,63.72974,63.4,1,45772349432
25/04/2025 08:23:16,58.5,63.99017,63.5,1,45772349490
25/04/2025 08:23:21,58.6,64.16377,63.7,1,45772349548
25/04/2025 08:23:26,58.8,64.35185,63.8,1,45772349606
25/04/2025 08:23:31,59,64.58333,63.9,1,45772349664
25/04/2025 08:23:36,59.1,64.72801,64,1,45772349722
25/04/2025 08:23:41,59.2,64.87269,64.1,1,45772349780
25/04/2025 08:23:46,59.4,64.94502,64.2,1,45772349838
25/04/2025 08:23:51,59.5,65.03183,64.3,1,45772349896
25/04/2025 08:23:56,59.6,65.14757,64.4,1,45772349954
25/04/2025 08:24:01,59.7,65.20544,64.6,1,45772350012
25/04/2025 08:24:06,59.8,65.27778,64.7,1,45772350071
25/04/2025 08:24:11,60,65.40798,64.9,1,45772350129
25/04/2025 08:24:16,60.1,65.53819,65,1,45772350187
25/04/2025 08:24:21,60.2,65.61053,65.1,1,45772350245
25/04/2025 08:24:26,60.2,65.72627,65.3,1,45772350303
25/04/2025 08:24:31,60.4,65.76968,65.4,1,45772350361
25/04/2025 08:24:36,60.5,65.89989,65.6,1,45772350419
25/04/2025 08:24:41,60.6,65.98669,65.7,1,45772350477
25/04/2025 08:24:46,60.6,66.07349,65.8,1,45772350535
25/04/2025 08:24:51,60.8,66.17477,66,1,45772350593
25/04/2025 08:24:56,60.9,66.27605,66.2,1,45772350651
25/04/2025 08:25:01,61,66.36285,66.3,1,45772350709
25/04/2025 08:25:06,61.1,66.44965,66.5,1,45772350767
25/04/2025 08:25:11,61.2,66.6088,66.6,1,45772350825
25/04/2025 08:25:16,61.3,66.72454,66.7,1,45772350883
25/04/2025 08:25:21,61.5,66.84028,66.9,1,45772350941
25/04/2025 08:25:26,61.6,66.94155,67.1,1,45772350999
25/04/2025 08:25:31,61.8,67.04282,67.2,1,45772351057
25/04/2025 08:25:36,61.9,67.10069,67.3,1,45772351115
25/04/2025 08:25:41,62,67.21644,67.4,1,45772351173
25/04/2025 08:25:46,62.1,67.27431,67.6,1,45772351231
25/04/2025 08:25:51,62.1,67.39005,67.8,1,45772351289
25/04/2025 08:25:56,62.3,67.52026,67.9,1,45772351347
25/04/2025 08:26:01,62.4,67.59259,68.1,1,45772351405
25/04/2025 08:26:06,62.5,67.7228,68.2,1,45772351463
25/04/2025 08:26:11,62.6,67.79514,68.4,1,45772351521
25/04/2025 08:26:16,62.7,67.92535,68.5,1,45772351579
25/04/2025 08:26:21,62.8,68.05556,68.7,1,45772351637
25/04/2025 08:26:26,62.9,68.15683,68.8,1,45772351695
25/04/2025 08:26:31,63,68.33044,69,1,45772351753
25/04/2025 08:26:36,63.1,68.43171,69.1,1,45772351811
25/04/2025 08:26:42,63.2,68.51852,69.3,1,45772351869
25/04/2025 08:26:47,63.4,68.64873,69.5,1,45772351927
25/04/2025 08:26:52,63.5,68.75,69.7,1,45772351985
25/04/2025 08:26:57,63.6,68.86574,69.8,1,45772352043
25/04/2025 08:27:02,63.7,69.01042,70,1,45772352101
25/04/2025 08:27:07,63.8,69.11169,70.2,1,45772352159
25/04/2025 08:27:12,63.9,69.2853,70.3,1,45772352217
25/04/2025 08:27:17,64,69.31423,70.4,1,45772352275
25/04/2025 08:27:22,64.1,69.48785,70.6,1,45772352334
25/04/2025 08:27:27,64.2,69.57465,70.7,1,45772352391
25/04/2025 08:27:32,64.3,69.66145,70.8,1,45772352450
25/04/2025 08:27:37,64.4,69.71933,71,1,45772352508
25/04/2025 08:27:42,64.5,69.84954,71.1,1,45772352566
25/04/2025 08:27:47,64.6,69.95081,71.2,1,45772352624
25/04/2025 08:27:52,64.7,70.03761,71.3,1,45772352682
25/04/2025 08:27:57,64.8,70.16782,71.4,1,45772352740
25/04/2025 08:28:02,64.9,70.2691,71.6,1,45772352798
25/04/2025 08:28:07,65,70.34144,71.7,1,45772352856
25/04/2025 08:28:12,65.1,70.4427,71.8,1,45772352914
25/04/2025 08:28:17,65.2,70.54398,71.9,1,45772352972
25/04/2025 08:28:22,65.3,70.64526,72.1,1,45772353030
25/04/2025 08:28:27,65.5,70.70313,72.1,1,45772353088
25/04/2025 08:28:32,65.6,70.73206,72.3,1,45772353146
25/04/2025 08:28:37,65.7,70.86227,72.4,1,45772353204
25/04/2025 08:28:42,65.8,70.93461,72.5,1,45772353262
25/04/2025 08:28:47,65.9,71.03588,72.6,1,45772353320
25/04/2025 08:28:52,66,71.13715,72.7,1,45772353378
25/04/2025 08:28:57,66.1,71.20949,72.8,1,45772353436
25/04/2025 08:29:02,66.2,71.36864,72.9,1,45772353494
25/04/2025 08:29:07,66.3,71.46991,73,1,45772353552
25/04/2025 08:29:12,66.4,71.60011,73.1,1,45772353610
25/04/2025 08:29:17,66.5,71.73032,73.1,1,45772353668
25/04/2025 08:29:22,66.6,71.84606,73.2,1,45772353726
25/04/2025 08:29:27,66.8,71.97627,73.3,1,45772353784
25/04/2025 08:29:32,66.9,72.06308,73.3,1,45772353842
25/04/2025 08:29:37,67,72.12095,73.4,1,45772353900
25/04/2025 08:29:42,67.2,72.26563,73.4,1,45772353958
25/04/2025 08:29:47,67.3,72.38136,73.5,1,45772354016
25/04/2025 08:29:52,67.4,72.46817,73.5,1,45772354074
25/04/2025 08:29:57,67.5,72.56944,73.6,1,45772354132
25/04/2025 08:30:02,67.6,72.67072,73.7,1,45772354190
25/04/2025 08:30:07,67.7,72.74306,73.7,1,45772354248
25/04/2025 08:30:12,67.8,72.87327,73.8,1,45772354306
25/04/2025 08:30:17,67.9,73.00347,73.8,1,45772354364
25/04/2025 08:30:22,68,73.11921,73.7,1,45772354423
25/04/2025 08:30:27,68.1,73.26389,73.7,1,45772354481
25/04/2025 08:30:32,68.3,73.37963,73.8,1,45772354539
25/04/2025 08:30:37,68.3,73.52431,73.8,1,45772354597
25/04/2025 08:30:42,68.4,73.65452,73.8,1,45772354655
25/04/2025 08:30:47,68.5,73.79919,73.9,1,45772354713
25/04/2025 08:30:52,68.6,73.9294,73.9,1,45772354771
25/04/2025 08:30:57,68.8,74.05961,73.9,1,45772354829
25/04/2025 08:31:02,68.9,74.24769,73.9,1,45772354887
25/04/2025 08:31:07,68.9,74.39236,74,1,45772354945
25/04/2025 08:31:12,69,74.43577,74,1,45772355003
25/04/2025 08:31:17,69.1,74.47917,74,1,45772355061
25/04/2025 08:31:22,69.2,74.52257,74.1,1,45772355119
25/04/2025 08:31:27,69.3,74.56597,74.1,1,45772355177
25/04/2025 08:31:32,69.4,74.55151,74.1,1,45772355235
25/04/2025 08:31:37,69.4,74.60938,74.1,1,45772355293
25/04/2025 08:31:42,69.5,74.65278,74.2,1,45772355351
25/04/2025 08:31:47,69.5,74.68171,74.2,1,45772355409
25/04/2025 08:31:52,69.6,74.69618,74.2,1,45772355467
25/04/2025 08:31:57,69.6,74.66724,74.3,1,45772355525
25/04/2025 08:32:02,69.7,74.65278,74.3,1,45772355583
25/04/2025 08:32:07,69.7,74.68171,74.4,1,45772355641
25/04/2025 08:32:12,69.8,74.69618,74.5,1,45772355699
25/04/2025 08:32:17,69.8,74.68171,74.5,1,45772355757
25/04/2025 08:32:22,69.8,74.68171,74.5,1,45772355815
25/04/2025 08:32:27,69.9,74.69618,74.6,1,45772355873
25/04/2025 08:32:32,69.9,74.68171,74.6,1,45772355931
25/04/2025 08:32:37,69.9,74.71065,74.6,1,45772355989
25/04/2025 08:32:42,70,74.63831,74.7,1,45772356047
25/04/2025 08:32:47,70,74.65278,74.8,1,45772356105
25/04/2025 08:32:52,70,74.59491,74.9,1,45772356163
25/04/2025 08:32:58,70,74.59491,74.9,1,45772356221
25/04/2025 08:33:03,70,74.56597,75,1,45772356279
25/04/2025 08:33:08,70,74.55151,75,1,45772356337
25/04/2025 08:33:13,70.1,74.5081,75.1,1,45772356395
25/04/2025 08:33:18,70.1,74.4647,75.1,1,45772356453
25/04/2025 08:33:23,70.1,74.4647,75.2,1,45772356511
25/04/2025 08:33:28,70.2,74.43577,75.2,1,45772356569
25/04/2025 08:33:33,70.2,74.43577,75.3,1,45772356627
25/04/2025 08:33:38,70.2,74.45023,75.3,1,45772356685
25/04/2025 08:33:43,70.2,74.4213,75.4,1,45772356743
25/04/2025 08:33:48,70.3,74.40683,75.4,1,45772356801
25/04/2025 08:33:53,70.3,74.39236,75.5,1,45772356859
25/04/2025 08:33:58,70.3,74.34895,75.5,1,45772356917
25/04/2025 08:34:03,70.3,74.30556,75.6,1,45772356975
25/04/2025 08:34:08,70.3,74.32002,75.6,1,45772357034
25/04/2025 08:34:13,70.4,74.30556,75.7,1,45772357092
25/04/2025 08:34:18,70.3,74.34895,75.8,1,45772357150
25/04/2025 08:34:23,70.4,74.30556,75.8,1,45772357208
25/04/2025 08:34:28,70.4,74.30556,75.9,1,45772357266
25/04/2025 08:34:33,70.4,74.30556,75.9,1,45772357324
25/04/2025 08:34:38,70.4,74.30556,76,1,45772357382
25/04/2025 08:34:43,70.4,74.29108,76,1,45772357440
25/04/2025 08:34:48,70.4,74.26215,76.1,1,45772357498
25/04/2025 08:34:53,70.4,74.21875,76.1,1,45772357556
25/04/2025 08:34:58,70.4,74.23322,76.2,1,45772357614
25/04/2025 08:35:03,70.4,74.20428,76.2,1,45772357672
25/04/2025 08:35:08,70.4,74.21875,76.2,1,45772357730
25/04/2025 08:35:13,70.4,74.23322,76.3,1,45772357788
25/04/2025 08:35:18,70.4,74.21875,76.3,1,45772357846
25/04/2025 08:35:23,70.4,74.23322,76.3,1,45772357904
25/04/2025 08:35:28,70.5,74.26215,76.3,1,45772357962
25/04/2025 08:35:33,70.5,74.30556,76.4,1,45772358020
25/04/2025 08:35:38,70.5,74.34895,76.4,1,45772358078
25/04/2025 08:35:43,70.5,74.40683,76.4,1,45772358136
25/04/2025 08:35:48,70.5,74.43577,76.5,1,45772358194
25/04/2025 08:35:53,70.6,74.47917,76.5,1,45772358252
25/04/2025 08:35:58,70.6,74.4647,76.6,1,45772358310
25/04/2025 08:36:03,70.6,74.5081,76.6,1,45772358368
25/04/2025 08:36:08,70.6,74.5081,76.6,1,45772358426
25/04/2025 08:36:13,70.6,74.55151,76.7,1,45772358484
25/04/2025 08:36:18,70.7,74.55151,76.7,1,45772358542
25/04/2025 08:36:23,70.7,74.56597,76.7,1,45772358600
25/04/2025 08:36:28,70.7,74.55151,76.8,1,45772358658
25/04/2025 08:36:33,70.7,74.56597,76.8,1,45772358716
25/04/2025 08:36:38,70.7,74.58044,76.8,1,45772358774
25/04/2025 08:36:43,70.8,74.60938,76.9,1,45772358832
25/04/2025 08:36:48,70.9,74.62384,76.9,1,45772358890
25/04/2025 08:36:53,70.9,74.65278,76.9,1,45772358948
25/04/2025 08:36:58,70.9,74.68171,76.9,1,45772359006
25/04/2025 08:37:03,70.9,74.76852,76.9,1,45772359065
25/04/2025 08:37:08,70.9,74.85532,77,1,45772359123
25/04/2025 08:37:13,71,74.8698,76.9,1,45772359181
25/04/2025 08:37:18,71,74.97106,76.9,1,45772359239
25/04/2025 08:37:23,71.1,74.97106,77,1,45772359297
25/04/2025 08:37:28,71.1,75.0434,77,1,45772359355
25/04/2025 08:37:33,71.1,75.10127,77.1,1,45772359413
25/04/2025 08:37:38,71.2,75.15914,77.1,1,45772359471
25/04/2025 08:37:43,71.2,75.21702,77,1,45772359529
25/04/2025 08:37:48,71.3,75.26042,77,1,45772359587
25/04/2025 08:37:53,71.3,75.30382,77,1,45772359645
25/04/2025 08:37:58,71.4,75.41956,77.1,1,45772359703
25/04/2025 08:38:03,71.5,75.50636,77.1,1,45772359761
25/04/2025 08:38:08,71.5,75.63657,77.1,1,45772359819
25/04/2025 08:38:13,71.5,75.78125,77.1,1,45772359877
25/04/2025 08:38:18,71.6,75.89699,77.1,1,45772359935
25/04/2025 08:38:23,71.7,76.05614,77.2,1,45772359993
25/04/2025 08:38:28,71.8,76.21528,77.2,1,45772360051
25/04/2025 08:38:33,71.9,76.33102,77.2,1,45772360109
25/04/2025 08:38:38,72,76.40336,77.2,1,45772360167
25/04/2025 08:38:43,72.1,76.53356,77.2,1,45772360225
25/04/2025 08:38:48,72.1,76.70718,77.2,1,45772360283
25/04/2025 08:38:53,72.2,76.79398,77.2,1,45772360341
25/04/2025 08:38:58,72.3,76.85185,77.2,1,45772360399
25/04/2025 08:39:03,72.4,76.95313,77.2,1,45772360457
25/04/2025 08:39:09,72.4,77.03993,77.3,1,45772360515
25/04/2025 08:39:14,72.5,77.1412,77.3,1,45772360573
25/04/2025 08:39:19,72.6,77.15567,77.3,1,45772360631
25/04/2025 08:39:24,72.7,77.21355,77.4,1,45772360689
25/04/2025 08:39:29,72.7,77.22801,77.4,1,45772360747
25/04/2025 08:39:34,72.7,77.30035,77.4,1,45772360805
25/04/2025 08:39:39,72.8,77.31481,77.5,1,45772360863
25/04/2025 08:39:44,72.8,77.35822,77.5,1,45772360921
25/04/2025 08:39:49,72.9,77.35822,77.6,1,45772360979
25/04/2025 08:39:54,72.9,77.43056,77.6,1,45772361037
25/04/2025 08:39:59,72.9,77.40162,77.7,1,45772361095
25/04/2025 08:40:04,73,77.43056,77.7,1,45772361153
25/04/2025 08:40:09,73,77.37269,77.8,1,45772361211
25/04/2025 08:40:14,73,77.37269,77.9,1,45772361269
25/04/2025 08:40:19,73,77.35822,78,1,45772361327
25/04/2025 08:40:24,73.1,77.41608,78,1,45772361385
25/04/2025 08:40:29,73.2,77.40162,78.1,1,45772361443
25/04/2025 08:40:34,73.1,77.43056,78.2,1,45772361501
25/04/2025 08:40:39,73.1,77.44502,78.3,1,45772361559
25/04/2025 08:40:44,73.2,77.43056,78.3,1,45772361617
25/04/2025 08:40:49,73.2,77.41608,78.3,1,45772361675
25/04/2025 08:40:54,73.3,77.43056,78.5,1,45772361733
25/04/2025 08:40:59,73.3,77.45949,78.5,1,45772361791
25/04/2025 08:41:04,73.3,77.44502,78.6,1,45772361849
25/04/2025 08:41:09,73.3,77.50289,78.6,1,45772361908
25/04/2025 08:41:14,73.4,77.48843,78.7,1,45772361966
25/04/2025 08:41:19,73.4,77.50289,78.8,1,45772362024
25/04/2025 08:41:24,73.4,77.60417,78.9,1,45772362082
25/04/2025 08:41:29,73.4,77.61864,78.9,1,45772362140
25/04/2025 08:41:34,73.5,77.70544,79,1,45772362198
25/04/2025 08:41:39,73.5,77.73438,79.1,1,45772362256
25/04/2025 08:41:44,73.6,77.74884,79.1,1,45772362314
25/04/2025 08:41:49,73.6,77.76331,79.2,1,45772362372
25/04/2025 08:41:54,73.6,77.74884,79.2,1,45772362430
25/04/2025 08:41:59,73.7,77.74884,79.3,1,45772362488
25/04/2025 08:42:04,73.7,77.73438,79.3,1,45772362546
25/04/2025 08:42:09,73.7,77.79224,79.4,1,45772362604
25/04/2025 08:42:14,73.7,77.83565,79.4,1,45772362662
25/04/2025 08:42:19,73.7,77.83565,79.5,1,45772362720
25/04/2025 08:42:24,73.8,77.82118,79.5,1,45772362778
25/04/2025 08:42:29,73.8,77.86458,79.6,1,45772362836
25/04/2025 08:42:34,73.8,77.85011,79.7,1,45772362894
25/04/2025 08:42:39,73.9,77.89352,79.7,1,45772362952
25/04/2025 08:42:44,73.9,77.86458,79.8,1,45772363010
25/04/2025 08:42:49,73.9,77.92245,79.8,1,45772363068
25/04/2025 08:42:54,73.9,77.90798,79.9,1,45772363126
25/04/2025 08:42:59,73.9,77.87905,80,1,45772363184
25/04/2025 08:43:04,73.9,77.86458,80.1,1,45772363242
25/04/2025 08:43:09,74,77.92245,80.1,1,45772363300
25/04/2025 08:43:14,74,77.90798,80.1,1,45772363358
25/04/2025 08:43:19,74,77.98032,80.1,1,45772363416
25/04/2025 08:43:24,74,77.98032,80.2,1,45772363474
25/04/2025 08:43:29,74.1,77.96586,80.3,1,45772363532
25/04/2025 08:43:34,74.1,77.9948,80.4,1,45772363590
25/04/2025 08:43:39,74.1,78.02373,80.4,1,45772363648
25/04/2025 08:43:44,74.2,77.98032,80.4,1,45772363706
25/04/2025 08:43:49,74.2,78.02373,80.5,1,45772363764
25/04/2025 08:43:54,74.2,78.03819,80.5,1,45772363822
25/04/2025 08:43:59,74.3,78.09606,80.6,1,45772363880
25/04/2025 08:44:04,74.3,78.13947,80.7,1,45772363938
25/04/2025 08:44:09,74.4,78.22627,80.7,1,45772363996
25/04/2025 08:44:14,74.4,78.24074,80.8,1,45772364055
25/04/2025 08:44:19,74.5,78.31308,80.8,1,45772364113
25/04/2025 08:44:24,74.5,78.32755,80.9,1,45772364171
25/04/2025 08:44:29,74.6,78.39989,80.9,1,45772364229
25/04/2025 08:44:34,74.6,78.42882,80.9,1,45772364287
25/04/2025 08:44:39,74.7,78.50116,81,1,45772364345
25/04/2025 08:44:44,74.7,78.53009,81,1,45772364403
25/04/2025 08:44:49,74.8,78.63136,81,1,45772364461
25/04/2025 08:44:54,74.8,78.67477,81.1,1,45772364519
25/04/2025 08:44:59,74.8,78.74711,81.2,1,45772364577
25/04/2025 08:45:04,74.9,78.76157,81.2,1,45772364635
25/04/2025 08:45:09,75,78.79051,81.2,1,45772364693
25/04/2025 08:45:14,75,78.81944,81.3,1,45772364751
25/04/2025 08:45:19,75.1,78.92072,81.3,1,45772364809
25/04/2025 08:45:25,75.1,78.97858,81.3,1,45772364867
25/04/2025 08:45:30,75.1,79.09433,81.3,1,45772364925
25/04/2025 08:45:35,75.2,79.07986,81.3,1,45772364983
25/04/2025 08:45:40,75.2,79.18114,81.3,1,45772365041
25/04/2025 08:45:45,75.3,79.16667,81.4,1,45772365099
25/04/2025 08:45:50,75.3,79.1956,81.4,1,45772365157
25/04/2025 08:45:55,75.4,79.1956,81.5,1,45772365215
25/04/2025 08:46:00,75.4,79.23901,81.5,1,45772365273
25/04/2025 08:46:05,75.5,79.38368,81.5,1,45772365331
25/04/2025 08:46:10,75.6,79.48495,81.6,1,45772365389
25/04/2025 08:46:15,75.6,79.5573,81.5,1,45772365447
25/04/2025 08:46:20,75.6,79.65856,81.5,1,45772365505
25/04/2025 08:46:25,75.7,79.77431,81.6,1,45772365563
25/04/2025 08:46:30,75.8,79.91898,81.6,1,45772365621
25/04/2025 08:46:35,75.9,80.04919,81.6,1,45772365679
25/04/2025 08:46:40,76,80.16493,81.6,1,45772365737
25/04/2025 08:46:45,76.1,80.2662,81.6,1,45772365795
25/04/2025 08:46:50,76.2,80.36748,81.6,1,45772365853
25/04/2025 08:46:55,76.3,80.46875,81.6,1,45772365911
25/04/2025 08:47:00,76.3,80.54108,81.6,1,45772365969
25/04/2025 08:47:05,76.5,80.62789,81.6,1,45772366027
25/04/2025 08:47:10,76.5,80.7147,81.7,1,45772366085
25/04/2025 08:47:15,76.6,80.78704,81.7,1,45772366144
25/04/2025 08:47:20,76.7,80.87384,81.7,1,45772366202
25/04/2025 08:47:25,76.8,80.94618,81.7,1,45772366260
25/04/2025 08:47:30,76.8,81.00405,81.7,1,45772366318
25/04/2025 08:47:35,76.9,81.09086,81.8,1,45772366376
25/04/2025 08:47:40,76.9,81.13426,81.8,1,45772366434
25/04/2025 08:47:45,76.9,81.2066,81.8,1,45772366492
25/04/2025 08:47:50,77,81.27894,81.8,1,45772366550
25/04/2025 08:47:55,77,81.33681,81.8,1,45772366608
25/04/2025 08:48:00,77.1,81.33681,81.8,1,45772366666
25/04/2025 08:48:05,77.2,81.3802,81.9,1,45772366724
25/04/2025 08:48:10,77.2,81.43808,81.9,1,45772366782
25/04/2025 08:48:15,77.3,81.48148,81.9,1,45772366840
25/04/2025 08:48:20,77.3,81.51042,82,1,45772366898
25/04/2025 08:48:25,77.4,81.52489,81.9,1,45772366956
25/04/2025 08:48:30,77.4,81.51042,82,1,45772367014
25/04/2025 08:48:35,77.4,81.51042,82,1,45772367072
25/04/2025 08:48:40,77.5,81.45255,82,1,45772367130
25/04/2025 08:48:45,77.5,81.3802,82.1,1,45772367188
25/04/2025 08:48:50,77.5,81.32233,82.1,1,45772367246
25/04/2025 08:48:55,77.5,81.25,82.2,1,45772367304
25/04/2025 08:49:00,77.5,81.19213,82.2,1,45772367362
25/04/2025 08:49:05,77.5,81.17767,82.3,1,45772367420
25/04/2025 08:49:10,77.6,81.19213,82.4,1,45772367478
25/04/2025 08:49:15,77.6,81.19213,82.5,1,45772367536
25/04/2025 08:49:20,77.6,81.17767,82.5,1,45772367594
25/04/2025 08:49:25,77.6,81.2066,82.6,1,45772367652
25/04/2025 08:49:30,77.7,81.2066,82.6,1,45772367710
25/04/2025 08:49:35,77.7,81.2066,82.7,1,45772367768
25/04/2025 08:49:40,77.7,81.19213,82.7,1,45772367826
25/04/2025 08:49:45,77.7,81.19213,82.8,1,45772367884
25/04/2025 08:49:50,77.7,81.19213,82.9,1,45772367942
25/04/2025 08:49:55,77.7,81.2066,82.9,1,45772368000
25/04/2025 08:50:00,77.8,81.25,83,1,45772368058
25/04/2025 08:50:05,77.8,81.2934,83.1,1,45772368116
25/04/2025 08:50:10,77.9,81.33681,83.1,1,45772368174
25/04/2025 08:50:15,77.9,81.3802,83.1,1,45772368232
25/04/2025 08:50:20,78,81.43808,83.2,1,45772368290
25/04/2025 08:50:25,78,81.46702,83.2,1,45772368348
25/04/2025 08:50:30,78,81.49595,83.3,1,45772368406
25/04/2025 08:50:35,78.1,81.53935,83.3,1,45772368464
25/04/2025 08:50:40,78.1,81.58276,83.4,1,45772368522
25/04/2025 08:50:45,78.1,81.66956,83.4,1,45772368580
25/04/2025 08:50:50,78.1,81.69849,83.4,1,45772368638
25/04/2025 08:50:55,78.2,81.75636,83.5,1,45772368697
25/04/2025 08:51:00,78.2,81.75636,83.5,1,45772368755
25/04/2025 08:51:05,78.3,81.79977,83.5,1,45772368813
25/04/2025 08:51:10,78.2,81.84317,83.6,1,45772368871
25/04/2025 08:51:15,78.3,81.85764,83.5,1,45772368929
25/04/2025 08:51:20,78.3,81.84317,83.6,1,45772368987
25/04/2025 08:51:25,78.4,81.85764,83.6,1,45772369045
25/04/2025 08:51:30,78.3,81.85764,83.6,1,45772369103
25/04/2025 08:51:35,78.4,81.84317,83.7,1,45772369161
25/04/2025 08:51:40,78.4,81.79977,83.7,1,45772369219
25/04/2025 08:51:46,78.4,81.75636,83.7,1,45772369277
25/04/2025 08:51:51,78.5,81.71296,83.8,1,45772369335
25/04/2025 08:51:56,78.5,81.71296,83.8,1,45772369393
25/04/2025 08:52:01,78.5,81.71296,83.8,1,45772369451
25/04/2025 08:52:06,78.5,81.71296,83.9,1,45772369509
25/04/2025 08:52:11,78.5,81.71296,83.9,1,45772369567
25/04/2025 08:52:16,78.5,81.72743,84,1,45772369625
25/04/2025 08:52:21,78.5,81.71296,84,1,45772369683
25/04/2025 08:52:26,78.5,81.71296,84,1,45772369741
25/04/2025 08:52:31,78.5,81.71296,84,1,45772369799
25/04/2025 08:52:36,78.5,81.7419,84,1,45772369857
25/04/2025 08:52:41,78.5,81.77083,84,1,45772369915
25/04/2025 08:52:46,78.6,81.7853,84,1,45772369973
25/04/2025 08:52:51,78.5,81.84317,84,1,45772370031
25/04/2025 08:52:56,78.6,81.84317,84,1,45772370089
25/04/2025 08:53:01,78.6,81.84317,84,1,45772370147
25/04/2025 08:53:06,78.6,81.90105,84,1,45772370205
25/04/2025 08:53:11,78.6,81.92998,84,1,45772370263
25/04/2025 08:53:16,78.7,81.98785,84,1,45772370321
25/04/2025 08:53:21,78.7,82.00231,84,1,45772370379
25/04/2025 08:53:26,78.7,82.10358,84,1,45772370437
25/04/2025 08:53:31,78.7,82.17593,84,1,45772370495
25/04/2025 08:53:36,78.7,82.2772,84,1,45772370553
25/04/2025 08:53:41,78.8,82.36401,84,1,45772370611
25/04/2025 08:53:46,78.8,82.42188,83.9,1,45772370669
25/04/2025 08:53:51,78.8,82.43634,83.9,1,45772370727
25/04/2025 08:53:56,78.9,82.43634,84,1,45772370785
25/04/2025 08:54:01,78.9,82.49421,83.9,1,45772370843
25/04/2025 08:54:06,78.9,82.52315,83.9,1,45772370901
25/04/2025 08:54:11,78.9,82.58102,83.9,1,45772370960
25/04/2025 08:54:16,79,82.60995,83.8,1,45772371018
25/04/2025 08:54:21,79,82.66782,83.8,1,45772371076
25/04/2025 08:54:26,79,82.74017,83.8,1,45772371134
25/04/2025 08:54:31,79.1,82.82697,83.8,1,45772371192
25/04/2025 08:54:36,79.1,82.89931,83.8,1,45772371250
25/04/2025 08:54:41,79.2,82.97164,83.7,1,45772371308
25/04/2025 08:54:46,79.2,83.07292,83.8,1,45772371366
25/04/2025 08:54:51,79.2,83.10185,83.8,1,45772371424
25/04/2025 08:54:56,79.2,83.17419,83.7,1,45772371482
25/04/2025 08:55:01,79.3,83.14526,83.8,1,45772371540
25/04/2025 08:55:06,79.4,83.15972,83.7,1,45772371598
25/04/2025 08:55:11,79.4,83.15972,83.7,1,45772371656
25/04/2025 08:55:16,79.5,83.18866,83.8,1,45772371714
25/04/2025 08:55:21,79.5,83.21759,83.8,1,45772371772
25/04/2025 08:55:26,79.5,83.27546,83.8,1,45772371830
25/04/2025 08:55:31,79.5,83.31886,83.8,1,45772371888
25/04/2025 08:55:36,79.6,83.36227,83.8,1,45772371946
25/04/2025 08:55:41,79.6,83.40567,83.8,1,45772372004
25/04/2025 08:55:46,79.6,83.43461,83.8,1,45772372062
25/04/2025 08:55:51,79.7,83.53588,83.8,1,45772372120
25/04/2025 08:55:56,79.6,83.57928,83.8,1,45772372178
25/04/2025 08:56:01,79.7,83.55035,83.8,1,45772372236
25/04/2025 08:56:06,79.8,83.63715,83.8,1,45772372294
25/04/2025 08:56:11,79.8,83.59375,83.9,1,45772372352
25/04/2025 08:56:16,79.8,83.56481,83.8,1,45772372410
25/04/2025 08:56:21,79.9,83.55035,83.8,1,45772372468
25/04/2025 08:56:26,79.8,83.52142,83.8,1,45772372526
25/04/2025 08:56:31,79.8,83.47801,83.8,1,45772372584
25/04/2025 08:56:36,79.8,83.42014,83.9,1,45772372642
25/04/2025 08:56:41,79.8,83.36227,83.9,1,45772372700
25/04/2025 08:56:46,79.8,83.26099,83.9,1,45772372758
25/04/2025 08:56:51,79.8,83.18866,84,1,45772372816
25/04/2025 08:56:56,79.9,83.14526,84,1,45772372874
25/04/2025 08:57:01,79.8,83.10185,84,1,45772372932
25/04/2025 08:57:06,79.8,83.05845,84.1,1,45772372990
25/04/2025 08:57:11,79.8,82.97164,84.1,1,45772373048
25/04/2025 08:57:16,79.8,82.95718,84.1,1,45772373106
25/04/2025 08:57:21,79.8,82.95718,84.2,1,45772373164
25/04/2025 08:57:26,79.8,82.89931,84.2,1,45772373222
25/04/2025 08:57:31,79.9,82.89931,84.2,1,45772373280
25/04/2025 08:57:36,79.9,82.88483,84.2,1,45772373338
25/04/2025 08:57:41,79.9,82.8125,84.3,1,45772373397
25/04/2025 08:57:46,79.9,82.79803,84.3,1,45772373455
25/04/2025 08:57:51,79.9,82.7691,84.3,1,45772373513
25/04/2025 08:57:56,79.9,82.7691,84.3,1,45772373571
25/04/2025 08:58:02,79.9,82.72569,84.4,1,45772373629
25/04/2025 08:58:07,79.9,82.71123,84.4,1,45772373687
25/04/2025 08:58:12,80,82.6823,84.4,1,45772373745
25/04/2025 08:58:17,79.9,82.71123,84.5,1,45772373803
25/04/2025 08:58:22,80,82.72569,84.5,1,45772373861
25/04/2025 08:58:27,80,82.6823,84.6,1,45772373919
25/04/2025 08:58:32,80.1,82.6823,84.6,1,45772373977
25/04/2025 08:58:37,80,82.72569,84.6,1,45772374035
25/04/2025 08:58:42,80,82.71123,84.6,1,45772374093
25/04/2025 08:58:47,80.1,82.72569,84.7,1,45772374151
25/04/2025 08:58:52,80.1,82.71123,84.8,1,45772374209
25/04/2025 08:58:57,80.1,82.71123,84.9,1,45772374267
25/04/2025 08:59:02,80.1,82.6823,84.9,1,45772374325
25/04/2025 08:59:07,80.2,82.72569,84.9,1,45772374383
25/04/2025 08:59:12,80.2,82.75463,84.9,1,45772374441
25/04/2025 08:59:17,80.1,82.8125,85,1,45772374499
25/04/2025 08:59:22,80.2,82.7691,85.1,1,45772374557
25/04/2025 08:59:27,80.2,82.84144,85.1,1,45772374615
25/04/2025 08:59:32,80.2,82.88483,85.1,1,45772374673
25/04/2025 08:59:37,80.2,82.91377,85.1,1,45772374731
25/04/2025 08:59:42,80.2,82.95718,85.2,1,45772374789
25/04/2025 08:59:47,80.3,82.89931,85.2,1,45772374847
25/04/2025 08:59:52,80.4,82.92824,85.2,1,45772374905
25/04/2025 08:59:57,80.4,82.97164,85.3,1,45772374963
25/04/2025 09:00:02,80.4,82.97164,85.3,1,45772375021
25/04/2025 09:00:07,80.4,82.97164,85.4,1,45772375079
25/04/2025 09:00:12,80.4,82.97164,85.4,1,45772375137
25/04/2025 09:00:17,80.4,82.97164,85.5,1,45772375195
25/04/2025 09:00:22,80.5,82.97164,85.5,1,45772375253
25/04/2025 09:00:27,80.5,82.97164,85.6,1,45772375311
25/04/2025 09:00:32,80.5,83.00058,85.6,1,45772375369
25/04/2025 09:00:37,80.5,83.00058,85.6,1,45772375427
25/04/2025 09:00:42,80.6,83.01505,85.7,1,45772375485
25/04/2025 09:00:47,80.6,83.05845,85.7,1,45772375543
25/04/2025 09:00:52,80.7,83.10185,85.7,1,45772375601
25/04/2025 09:00:57,80.7,83.11632,85.8,1,45772375659
25/04/2025 09:01:02,80.7,83.14526,85.8,1,45772375717
25/04/2025 09:01:07,80.7,83.14526,85.9,1,45772375775
25/04/2025 09:01:12,80.7,83.21759,86,1,45772375834
25/04/2025 09:01:17,80.8,83.26099,86,1,45772375892
25/04/2025 09:01:22,80.8,83.31886,86,1,45772375950
25/04/2025 09:01:27,80.8,83.3912,86.1,1,45772376008
25/04/2025 09:01:32,80.9,83.50694,86.1,1,45772376066
25/04/2025 09:01:37,80.9,83.59375,86.1,1,45772376124
25/04/2025 09:01:42,80.9,83.65162,86.2,1,45772376182
25/04/2025 09:01:47,81,83.72395,86.2,1,45772376240
25/04/2025 09:01:52,81,83.78183,86.2,1,45772376298
25/04/2025 09:01:57,81.1,83.8831,86.3,1,45772376356
25/04/2025 09:02:02,81.1,83.94097,86.3,1,45772376414
25/04/2025 09:02:07,81.1,84.05671,86.3,1,45772376472
25/04/2025 09:02:12,81.2,84.12905,86.3,1,45772376530
25/04/2025 09:02:17,81.2,84.14352,86.3,1,45772376588
25/04/2025 09:02:22,81.3,84.18692,86.3,1,45772376646
25/04/2025 09:02:27,81.3,84.25926,86.3,1,45772376704
25/04/2025 09:02:32,81.4,84.31713,86.3,1,45772376762
25/04/2025 09:02:37,81.4,84.36053,86.3,1,45772376820
25/04/2025 09:02:42,81.4,84.40394,86.3,1,45772376878
25/04/2025 09:02:47,81.5,84.47627,86.4,1,45772376936
25/04/2025 09:02:52,81.6,84.54861,86.4,1,45772376994
25/04/2025 09:02:57,81.6,84.64989,86.4,1,45772377052
25/04/2025 09:03:02,81.6,84.82349,86.4,1,45772377110
25/04/2025 09:03:07,81.6,84.93923,86.4,1,45772377168
25/04/2025 09:03:12,81.7,85.05498,86.3,1,45772377226
25/04/2025 09:03:17,81.8,85.15625,86.3,1,45772377284
25/04/2025 09:03:22,81.8,85.31539,86.3,1,45772377342
25/04/2025 09:03:27,81.9,85.43114,86.3,1,45772377400
25/04/2025 09:03:32,81.9,85.50347,86.3,1,45772377458
25/04/2025 09:03:37,82,85.50347,86.3,1,45772377516
25/04/2025 09:03:42,82,85.51794,86.4,1,45772377574
25/04/2025 09:03:47,82.1,85.51794,86.4,1,45772377632
25/04/2025 09:03:52,82.2,85.51794,86.4,1,45772377690
25/04/2025 09:03:57,82.2,85.59028,86.5,1,45772377748
25/04/2025 09:04:02,82.2,85.63368,86.4,1,45772377806
25/04/2025 09:04:07,82.3,85.67708,86.5,1,45772377865
25/04/2025 09:04:13,82.4,85.63368,86.5,1,45772377923
25/04/2025 09:04:18,82.4,85.64815,86.5,1,45772377981
25/04/2025 09:04:23,82.5,85.67708,86.6,1,45772378039
25/04/2025 09:04:28,82.4,85.60474,86.5,1,45772378097
25/04/2025 09:04:33,82.5,85.57581,86.6,1,45772378155
25/04/2025 09:04:38,82.5,85.59028,86.6,1,45772378213
25/04/2025 09:04:43,82.5,85.54688,86.7,1,45772378271
25/04/2025 09:04:48,82.5,85.4456,86.7,1,45772378329
25/04/2025 09:04:53,82.5,85.4456,86.7,1,45772378387
25/04/2025 09:04:58,82.5,85.4022,86.8,1,45772378445
25/04/2025 09:05:03,82.6,85.38773,86.9,1,45772378503
25/04/2025 09:05:08,82.5,85.32986,86.9,1,45772378561
25/04/2025 09:05:13,82.6,85.31539,86.9,1,45772378619
25/04/2025 09:05:18,82.6,85.25752,87,1,45772378677
25/04/2025 09:05:23,82.6,85.22858,87,1,45772378735
25/04/2025 09:05:28,82.6,85.21412,87.1,1,45772378793
25/04/2025 09:05:33,82.7,85.18519,87.1,1,45772378851
25/04/2025 09:05:38,82.6,85.18519,87.2,1,45772378909
25/04/2025 09:05:43,82.7,85.18519,87.2,1,45772378967
25/04/2025 09:05:48,82.7,85.14178,87.3,1,45772379025
25/04/2025 09:05:53,82.7,85.21412,87.3,1,45772379083
25/04/2025 09:05:58,82.7,85.22858,87.4,1,45772379141
25/04/2025 09:06:03,82.7,85.27199,87.4,1,45772379199
25/04/2025 09:06:08,82.7,85.30093,87.5,1,45772379257
25/04/2025 09:06:13,82.7,85.27199,87.5,1,45772379315
25/04/2025 09:06:18,82.7,85.27199,87.6,1,45772379373
25/04/2025 09:06:23,82.8,85.27199,87.6,1,45772379431
25/04/2025 09:06:28,82.8,85.34433,87.6,1,45772379489
25/04/2025 09:06:33,82.8,85.31539,87.7,1,45772379547
25/04/2025 09:06:38,82.9,85.27199,87.8,1,45772379605
25/04/2025 09:06:43,82.8,85.30093,87.8,1,45772379663
25/04/2025 09:06:48,82.9,85.34433,87.8,1,45772379721
25/04/2025 09:06:53,82.9,85.30093,87.8,1,45772379779
25/04/2025 09:06:58,82.9,85.34433,87.9,1,45772379837
25/04/2025 09:07:03,82.9,85.31539,87.9,1,45772379895
25/04/2025 09:07:08,83,85.30093,87.9,1,45772379953
25/04/2025 09:07:13,83,85.32986,88,1,45772380011
25/04/2025 09:07:18,83,85.31539,88.1,1,45772380070
25/04/2025 09:07:23,83.1,85.34433,88.1,1,45772380128
25/04/2025 09:07:28,83,85.34433,88.1,1,45772380186
25/04/2025 09:07:33,83.1,85.31539,88.1,1,45772380244
25/04/2025 09:07:38,83.1,85.30093,88.1,1,45772380302
25/04/2025 09:07:43,83.1,85.38773,88.2,1,45772380360
25/04/2025 09:07:48,83.2,85.43114,88.2,1,45772380418
25/04/2025 09:07:53,83.2,85.4456,88.3,1,45772380476
25/04/2025 09:07:58,83.2,85.47454,88.3,1,45772380534
25/04/2025 09:08:03,83.2,85.48901,88.3,1,45772380592
25/04/2025 09:08:08,83.2,85.4456,88.3,1,45772380650
25/04/2025 09:08:13,83.3,85.48901,88.4,1,45772380708
25/04/2025 09:08:18,83.3,85.47454,88.4,1,45772380766
25/04/2025 09:08:23,83.3,85.48901,88.4,1,45772380824
25/04/2025 09:08:28,83.3,85.50347,88.4,1,45772380882
25/04/2025 09:08:33,83.3,85.47454,88.5,1,45772380940
25/04/2025 09:08:38,83.3,85.54688,88.4,1,45772380998
25/04/2025 09:08:43,83.4,85.53241,88.5,1,45772381056
25/04/2025 09:08:48,83.3,85.53241,88.5,1,45772381114
25/04/2025 09:08:53,83.3,85.51794,88.5,1,45772381172
25/04/2025 09:08:58,83.3,85.56134,88.5,1,45772381230
25/04/2025 09:09:03,83.4,85.59028,88.6,1,45772381288
25/04/2025 09:09:08,83.4,85.59028,88.5,1,45772381346
25/04/2025 09:09:13,83.4,85.59028,88.6,1,45772381404
25/04/2025 09:09:18,83.5,85.59028,88.6,1,45772381462
25/04/2025 09:09:23,83.5,85.60474,88.7,1,45772381520
25/04/2025 09:09:28,83.5,85.56134,88.6,1,45772381578
25/04/2025 09:09:33,83.5,85.63368,88.7,1,45772381636
25/04/2025 09:09:38,83.5,85.64815,88.7,1,45772381694
25/04/2025 09:09:43,83.6,85.72048,88.7,1,45772381752
25/04/2025 09:09:48,83.6,85.72048,88.7,1,45772381810
25/04/2025 09:09:53,83.6,85.73495,88.6,1,45772381868
25/04/2025 09:09:58,83.6,85.76389,88.6,1,45772381926
25/04/2025 09:10:03,83.6,85.83623,88.6,1,45772381984
25/04/2025 09:10:08,83.6,85.86517,88.6,1,45772382042
25/04/2025 09:10:13,83.6,85.8941,88.6,1,45772382100
25/04/2025 09:10:18,83.6,85.96644,88.6,1,45772382158
25/04/2025 09:10:23,83.7,85.9809,88.5,1,45772382216
25/04/2025 09:10:29,83.7,86.00983,88.5,1,45772382274
25/04/2025 09:10:34,83.7,86.02431,88.6,1,45772382332
25/04/2025 09:10:39,83.7,86.05324,88.5,1,45772382390
25/04/2025 09:10:44,83.7,86.11111,88.5,1,45772382448
25/04/2025 09:10:49,83.7,86.15452,88.4,1,45772382506
25/04/2025 09:10:54,83.7,86.22685,88.4,1,45772382564
25/04/2025 09:10:59,83.8,86.27026,88.4,1,45772382622
25/04/2025 09:11:04,83.8,86.34259,88.4,1,45772382680
25/04/2025 09:11:09,83.8,86.44386,88.4,1,45772382739
25/04/2025 09:11:14,83.8,86.55961,88.4,1,45772382797
25/04/2025 09:11:19,83.8,86.68981,88.4,1,45772382855
25/04/2025 09:11:24,83.8,86.80556,88.4,1,45772382913
25/04/2025 09:11:29,83.9,86.9213,88.3,1,45772382971
25/04/2025 09:11:34,83.9,87.0081,88.4,1,45772383029
25/04/2025 09:11:39,83.9,87.06597,88.3,1,45772383087
25/04/2025 09:11:44,83.9,87.10938,88.4,1,45772383145
25/04/2025 09:11:49,83.9,87.03704,88.3,1,45772383203
25/04/2025 09:11:54,83.9,87.06597,88.3,1,45772383261
25/04/2025 09:11:59,83.9,87.02257,88.3,1,45772383319
25/04/2025 09:12:04,83.9,87.02257,88.2,1,45772383377
25/04/2025 09:12:09,84,86.97917,88.2,1,45772383435
25/04/2025 09:12:14,83.9,86.9647,88.2,1,45772383493
25/04/2025 09:12:19,84,86.93577,88.2,1,45772383551
25/04/2025 09:12:24,83.9,86.89236,88.2,1,45772383609
25/04/2025 09:12:29,84,86.82002,88.1,1,45772383667
25/04/2025 09:12:34,84,86.82002,88.2,1,45772383725
25/04/2025 09:12:39,84,86.80556,88.1,1,45772383783
25/04/2025 09:12:44,84,86.76215,88.1,1,45772383841
25/04/2025 09:12:49,84,86.70428,88.1,1,45772383899
25/04/2025 09:12:54,84,86.64642,88.1,1,45772383957
25/04/2025 09:12:59,84,86.55961,88.1,1,45772384015
25/04/2025 09:13:04,84,86.48727,88,1,45772384073
25/04/2025 09:13:09,84,86.4294,88,1,45772384131
25/04/2025 09:13:14,83.9,86.34259,88,1,45772384189
25/04/2025 09:13:19,83.9,86.22685,88,1,45772384247
25/04/2025 09:13:24,83.9,86.16898,88.1,1,45772384305
25/04/2025 09:13:29,83.9,86.09664,88,1,45772384363
25/04/2025 09:13:34,84,86.05324,88,1,45772384421
25/04/2025 09:13:39,83.9,85.9809,88,1,45772384479
25/04/2025 09:13:44,83.9,85.96644,88,1,45772384537
25/04/2025 09:13:49,83.9,85.87963,88,1,45772384595
25/04/2025 09:13:54,83.9,85.8073,88,1,45772384653
25/04/2025 09:13:59,83.9,85.72048,88,1,45772384711
25/04/2025 09:14:04,83.9,85.63368,88,1,45772384769
25/04/2025 09:14:09,83.9,85.60474,88,1,45772384828
25/04/2025 09:14:14,83.9,85.54688,88,1,45772384886
25/04/2025 09:14:19,83.8,85.54688,88,1,45772384944
25/04/2025 09:14:24,83.9,85.47454,88,1,45772385002
25/04/2025 09:14:29,83.8,85.43114,88,1,45772385060
25/04/2025 09:14:34,83.8,85.38773,88,1,45772385118
25/04/2025 09:14:39,83.8,85.3588,88.1,1,45772385176
25/04/2025 09:14:44,83.8,85.30093,88,1,45772385234
25/04/2025 09:14:49,83.8,85.25752,88,1,45772385292
25/04/2025 09:14:54,83.7,85.22858,88,1,45772385350
25/04/2025 09:14:59,83.8,85.17072,88,1,45772385408
25/04/2025 09:15:04,83.7,85.14178,88,1,45772385466
25/04/2025 09:15:09,83.7,85.08392,88.1,1,45772385524
25/04/2025 09:15:14,83.7,85.01157,88.1,1,45772385582
25/04/2025 09:15:19,83.6,84.99711,88.1,1,45772385640
25/04/2025 09:15:24,83.7,85.01157,88.1,1,45772385698
25/04/2025 09:15:29,83.6,84.93923,88.1,1,45772385756
25/04/2025 09:15:34,83.6,84.89583,88.1,1,45772385814
25/04/2025 09:15:39,83.6,84.88136,88.1,1,45772385872
25/04/2025 09:15:44,83.6,84.83796,88.2,1,45772385930
25/04/2025 09:15:49,83.6,84.88136,88.1,1,45772385988
25/04/2025 09:15:54,83.6,84.82349,88.1,1,45772386046
25/04/2025 09:15:59,83.5,84.85243,88.2,1,45772386104
25/04/2025 09:16:04,83.5,84.92477,88.2,1,45772386162
25/04/2025 09:16:09,83.5,84.92477,88.2,1,45772386220
25/04/2025 09:16:14,83.6,84.93923,88.3,1,45772386278
25/04/2025 09:16:19,83.5,84.96817,88.3,1,45772386336
25/04/2025 09:16:24,83.5,84.92477,88.3,1,45772386394
25/04/2025 09:16:29,83.5,84.92477,88.3,1,45772386452
25/04/2025 09:16:34,83.5,84.89583,88.3,1,45772386510
25/04/2025 09:16:39,83.5,84.89583,88.3,1,45772386568
25/04/2025 09:16:45,83.5,84.92477,88.3,1,45772386626
25/04/2025 09:16:50,83.5,84.88136,88.3,1,45772386684
25/04/2025 09:16:55,83.5,84.89583,88.4,1,45772386742
25/04/2025 09:17:00,83.5,84.89583,88.4,1,45772386800
25/04/2025 09:17:05,83.5,84.89583,88.4,1,45772386858
25/04/2025 09:17:10,83.5,84.92477,88.4,1,45772386917
25/04/2025 09:17:15,83.5,84.93923,88.4,1,45772386975
25/04/2025 09:17:20,83.4,84.92477,88.4,1,45772387033
25/04/2025 09:17:25,83.5,84.89583,88.4,1,45772387091
25/04/2025 09:17:30,83.5,84.88136,88.4,1,45772387149
25/04/2025 09:17:35,83.5,84.92477,88.5,1,45772387207
25/04/2025 09:17:40,83.4,84.89583,88.5,1,45772387265
25/04/2025 09:17:45,83.4,84.85243,88.5,1,45772387323
25/04/2025 09:17:50,83.4,84.88136,88.6,1,45772387381
25/04/2025 09:17:55,83.4,84.89583,88.6,1,45772387439
25/04/2025 09:18:00,83.3,84.92477,88.7,1,45772387497
25/04/2025 09:18:05,83.4,84.92477,88.7,1,45772387555
25/04/2025 09:18:10,83.3,84.92477,88.7,1,45772387613
25/04/2025 09:18:15,83.4,84.96817,88.7,1,45772387671
25/04/2025 09:18:20,83.4,85.01157,88.7,1,45772387729
25/04/2025 09:18:25,83.4,85.02605,88.8,1,45772387787
25/04/2025 09:18:30,83.4,85.08392,88.8,1,45772387845
25/04/2025 09:18:35,83.4,85.14178,88.8,1,45772387903
25/04/2025 09:18:40,83.4,85.21412,88.8,1,45772387961
25/04/2025 09:18:45,83.5,85.22858,88.8,1,45772388019
25/04/2025 09:18:50,83.5,85.25752,88.9,1,45772388077
25/04/2025 09:18:55,83.5,85.30093,88.9,1,45772388135
25/04/2025 09:19:00,83.5,85.34433,88.9,1,45772388193
25/04/2025 09:19:05,83.5,85.38773,88.9,1,45772388251
25/04/2025 09:19:10,83.5,85.38773,88.9,1,45772388309
25/04/2025 09:19:15,83.6,85.43114,88.9,1,45772388367
25/04/2025 09:19:20,83.6,85.4456,88.9,1,45772388425
25/04/2025 09:19:25,83.6,85.46007,89,1,45772388483
25/04/2025 09:19:30,83.6,85.48901,89,1,45772388541
25/04/2025 09:19:35,83.6,85.4456,89,1,45772388599
25/04/2025 09:19:40,83.7,85.47454,89,1,45772388657
25/04/2025 09:19:45,83.7,85.4456,89,1,45772388715
25/04/2025 09:19:50,83.6,85.46007,89.1,1,45772388773
25/04/2025 09:19:55,83.7,85.46007,89.1,1,45772388831
25/04/2025 09:20:00,83.7,85.4456,89.1,1,45772388889
25/04/2025 09:20:05,83.7,85.43114,89.1,1,45772388947
25/04/2025 09:20:10,83.7,85.43114,89.2,1,45772389005
25/04/2025 09:20:15,83.7,85.38773,89.3,1,45772389063
25/04/2025 09:20:20,83.7,85.38773,89.3,1,45772389122
25/04/2025 09:20:25,83.7,85.38773,89.3,1,45772389180
25/04/2025 09:20:30,83.7,85.38773,89.3,1,45772389238
25/04/2025 09:20:35,83.7,85.38773,89.4,1,45772389296
25/04/2025 09:20:40,83.7,85.43114,89.4,1,45772389354
25/04/2025 09:20:45,83.7,85.43114,89.6,1,45772389412
25/04/2025 09:20:50,83.7,85.38773,89.6,1,45772389470
25/04/2025 09:20:55,83.7,85.43114,89.7,1,45772389528
25/04/2025 09:21:00,83.7,85.46007,89.7,1,45772389586
25/04/2025 09:21:05,83.7,85.54688,89.8,1,45772389644
25/04/2025 09:21:10,83.7,85.60474,89.9,1,45772389702
25/04/2025 09:21:15,83.7,85.72048,90,1,45772389760
25/04/2025 09:21:20,83.8,85.85069,90.1,1,45772389818
25/04/2025 09:21:25,83.7,85.92303,90.1,1,45772389876
25/04/2025 09:21:30,83.8,86.00983,90.2,1,45772389934
25/04/2025 09:21:35,83.8,86.09664,90.3,1,45772389992
25/04/2025 09:21:40,83.8,86.18345,90.4,1,45772390050
25/04/2025 09:21:45,83.8,86.27026,90.5,1,45772390108
25/04/2025 09:21:50,83.8,86.38599,90.6,1,45772390166
25/04/2025 09:21:55,83.8,86.35706,90.6,1,45772390224
25/04/2025 09:22:00,83.9,86.44386,90.7,1,45772390282
25/04/2025 09:22:05,83.9,86.55961,90.8,1,45772390340
25/04/2025 09:22:10,83.9,86.63194,91,1,45772390399
25/04/2025 09:22:15,83.9,86.64642,91,1,45772390457
25/04/2025 09:22:20,83.9,86.55961,91.1,1,45772390515
25/04/2025 09:22:25,83.9,86.53067,91.3,1,45772390573
25/04/2025 09:22:30,83.9,86.4294,91.3,1,45772390631
25/04/2025 09:22:36,83.9,86.25579,91.3,1,45772390689
25/04/2025 09:22:41,83.9,86.14005,91.4,1,45772390747
25/04/2025 09:22:46,83.9,86.00983,91.4,1,45772390805
25/04/2025 09:22:51,83.9,85.85069,91.5,1,45772390863
25/04/2025 09:22:56,83.9,85.63368,91.5,1,45772390921
25/04/2025 09:23:01,83.9,85.46007,91.6,1,45772390979
25/04/2025 09:23:06,83.9,85.30093,91.6,1,45772391037
25/04/2025 09:23:11,83.9,85.17072,91.7,1,45772391095
25/04/2025 09:23:16,83.9,84.99711,91.8,1,45772391153
25/04/2025 09:23:21,83.8,84.88136,91.8,1,45772391211
25/04/2025 09:23:26,83.8,84.88136,91.8,1,45772391269
25/04/2025 09:23:31,83.8,85.01157,91.9,1,45772391327
25/04/2025 09:23:36,83.7,85.12731,92.1,1,45772391385
25/04/2025 09:23:41,83.7,85.17072,92.1,1,45772391443
25/04/2025 09:23:46,83.7,85.28645,92.2,1,45772391501
25/04/2025 09:23:51,83.7,85.37327,92.2,1,45772391559
25/04/2025 09:23:56,83.7,85.46007,92.3,1,45772391617
25/04/2025 09:24:01,83.7,85.48901,92.4,1,45772391675
25/04/2025 09:24:06,83.7,85.60474,92.4,1,45772391733
25/04/2025 09:24:11,83.7,85.79282,92.5,1,45772391791
25/04/2025 09:24:16,83.7,85.92303,92.5,1,45772391849
25/04/2025 09:24:21,83.8,86.00983,92.6,1,45772391907
25/04/2025 09:24:26,83.8,86.05324,92.6,1,45772391965
25/04/2025 09:24:31,83.8,86.09664,92.7,1,45772392023
25/04/2025 09:24:36,83.8,86.12558,92.7,1,45772392081
25/04/2025 09:24:41,83.8,86.24132,92.7,1,45772392140
25/04/2025 09:24:46,83.9,86.38599,92.7,1,45772392198
25/04/2025 09:24:51,83.9,86.5162,92.7,1,45772392256
25/04/2025 09:24:56,83.9,86.57407,92.7,1,45772392314
25/04/2025 09:25:01,83.9,86.63194,92.7,1,45772392372
25/04/2025 09:25:06,84,86.63194,92.7,1,45772392430
25/04/2025 09:25:11,83.9,86.67535,92.7,1,45772392488
25/04/2025 09:25:16,84,86.71875,92.7,1,45772392546
25/04/2025 09:25:21,84,86.66088,92.8,1,45772392604
25/04/2025 09:25:26,84,86.67535,92.8,1,45772392662
25/04/2025 09:25:31,84,86.71875,92.8,1,45772392720
25/04/2025 09:25:36,84,86.71875,92.8,1,45772392778
25/04/2025 09:25:41,84.1,86.71875,92.8,1,45772392836
25/04/2025 09:25:46,84.1,86.63194,92.8,1,45772392894
25/04/2025 09:25:51,84.1,86.71875,92.8,1,45772392952
25/04/2025 09:25:56,84.1,86.76215,92.8,1,45772393010
25/04/2025 09:26:01,84.1,86.76215,92.8,1,45772393068
25/04/2025 09:26:06,84.1,86.80556,92.7,1,45772393126
25/04/2025 09:26:11,84.2,86.80556,92.7,1,45772393184
25/04/2025 09:26:16,84.2,86.80556,92.7,1,45772393242
25/04/2025 09:26:21,84.2,86.86343,92.7,1,45772393300
25/04/2025 09:26:26,84.2,86.80556,92.7,1,45772393358
25/04/2025 09:26:31,84.2,86.76215,92.7,1,45772393416
25/04/2025 09:26:36,84.2,86.71875,92.7,1,45772393474
25/04/2025 09:26:41,84.2,86.71875,92.7,1,45772393532
25/04/2025 09:26:46,84.2,86.71875,92.6,1,45772393590
25/04/2025 09:26:51,84.2,86.68981,92.6,1,45772393648
25/04/2025 09:26:56,84.2,86.67535,92.6,1,45772393706
25/04/2025 09:27:01,84.3,86.63194,92.5,1,45772393764
25/04/2025 09:27:06,84.3,86.55961,92.5,1,45772393822
25/04/2025 09:27:11,84.3,86.54514,92.5,1,45772393880
25/04/2025 09:27:16,84.2,86.48727,92.5,1,45772393938
25/04/2025 09:27:21,84.2,86.4294,92.4,1,45772393996
25/04/2025 09:27:26,84.2,86.38599,92.4,1,45772394054
25/04/2025 09:27:31,84.2,86.38599,92.4,1,45772394112
25/04/2025 09:27:36,84.2,86.38599,92.3,1,45772394170
25/04/2025 09:27:41,84.2,86.38599,92.2,1,45772394228
25/04/2025 09:27:46,84.2,86.38599,92.2,1,45772394286
25/04/2025 09:27:51,84.2,86.38599,92.2,1,45772394344
25/04/2025 09:27:56,84.2,86.38599,92.1,1,45772394402
25/04/2025 09:28:01,84.2,86.38599,92.1,1,45772394460
25/04/2025 09:28:06,84.3,86.35706,92,1,45772394518
25/04/2025 09:28:11,84.3,86.38599,92,1,45772394576
25/04/2025 09:28:16,84.3,86.35706,91.9,1,45772394635
25/04/2025 09:28:21,84.3,86.31366,91.9,1,45772394693
25/04/2025 09:28:26,84.3,86.28472,91.9,1,45772394751
25/04/2025 09:28:31,84.3,86.25579,91.9,1,45772394809
25/04/2025 09:28:36,84.3,86.21239,91.9,1,45772394867
25/04/2025 09:28:41,84.3,86.16898,91.8,1,45772394925
25/04/2025 09:28:46,84.3,86.12558,91.8,1,45772394983
25/04/2025 09:28:52,84.3,86.12558,91.7,1,45772395041
25/04/2025 09:28:57,84.3,86.11111,91.7,1,45772395099
25/04/2025 09:29:02,84.2,86.03877,91.7,1,45772395157
25/04/2025 09:29:07,84.3,86.02431,91.6,1,45772395215
25/04/2025 09:29:12,84.2,85.99537,91.6,1,45772395273
25/04/2025 09:29:17,84.2,86.02431,91.6,1,45772395331
25/04/2025 09:29:22,84.2,86.05324,91.6,1,45772395389
25/04/2025 09:29:27,84.2,86.05324,91.6,1,45772395447
25/04/2025 09:29:32,84.2,86.09664,91.6,1,45772395505
25/04/2025 09:29:37,84.2,86.0677,91.5,1,45772395563
25/04/2025 09:29:42,84.2,86.05324,91.6,1,45772395621
25/04/2025 09:29:47,84.2,85.96644,91.5,1,45772395679
25/04/2025 09:29:52,84.2,85.9809,91.5,1,45772395737
25/04/2025 09:29:57,84.2,85.96644,91.5,1,45772395795
25/04/2025 09:30:02,84.2,86.00983,91.5,1,45772395853
25/04/2025 09:30:07,84.2,86.05324,91.5,1,45772395911
25/04/2025 09:30:12,84.2,86.12558,91.5,1,45772395969
25/04/2025 09:30:17,84.2,86.11111,91.5,1,45772396027
25/04/2025 09:30:22,84.2,86.05324,91.5,1,45772396085
25/04/2025 09:30:27,84.2,85.9809,91.5,1,45772396143
25/04/2025 09:30:32,84.2,85.99537,91.4,1,45772396201
25/04/2025 09:30:37,84.2,85.96644,91.4,1,45772396259
25/04/2025 09:30:42,84.2,85.96644,91.4,1,45772396317
25/04/2025 09:30:47,84.1,85.92303,91.4,1,45772396375
25/04/2025 09:30:52,84.1,85.87963,91.4,1,45772396433
25/04/2025 09:30:57,84.1,85.87963,91.4,1,45772396491
25/04/2025 09:31:02,84.1,85.86517,91.3,1,45772396549
25/04/2025 09:31:07,84.1,85.87963,91.3,1,45772396607
25/04/2025 09:31:12,84.1,85.92303,91.3,1,45772396665
25/04/2025 09:31:17,84.1,85.99537,91.3,1,45772396723
25/04/2025 09:31:22,84.1,86.08218,91.3,1,45772396781
25/04/2025 09:31:27,84.1,86.27026,91.3,1,45772396839
25/04/2025 09:31:32,84.1,86.34259,91.3,1,45772396897
25/04/2025 09:31:37,84.1,86.29919,91.3,1,45772396955
25/04/2025 09:31:42,84.1,86.25579,91.3,1,45772397013
25/04/2025 09:31:47,84.1,86.22685,91.3,1,45772397072
25/04/2025 09:31:52,84.1,86.22685,91.3,1,45772397130
25/04/2025 09:31:57,84.1,86.21239,91.3,1,45772397188
25/04/2025 09:32:02,84.1,86.14005,91.3,1,45772397246
25/04/2025 09:32:07,84,86.14005,91.3,1,45772397304
25/04/2025 09:32:12,84,86.16898,91.3,1,45772397362
25/04/2025 09:32:17,84.1,86.14005,91.2,1,45772397420
25/04/2025 09:32:22,84,86.11111,91.2,1,45772397478
25/04/2025 09:32:27,84,86.05324,91.3,1,45772397536
25/04/2025 09:32:32,84,85.96644,91.2,1,45772397594
25/04/2025 09:32:37,84,85.92303,91.2,1,45772397652
25/04/2025 09:32:42,83.9,85.87963,91.2,1,45772397710
25/04/2025 09:32:47,84,85.9375,91.2,1,45772397768
25/04/2025 09:32:52,83.9,85.9375,91.2,1,45772397826
25/04/2025 09:32:57,83.9,85.90856,91.2,1,45772397884
25/04/2025 09:33:02,83.9,85.86517,91.2,1,45772397942
25/04/2025 09:33:07,83.9,85.8073,91.2,1,45772398000
25/04/2025 09:33:12,83.9,85.76389,91.1,1,45772398058
25/04/2025 09:33:17,83.9,85.72048,91.1,1,45772398116
25/04/2025 09:33:22,83.9,85.72048,91.1,1,45772398174
25/04/2025 09:33:27,83.9,85.72048,91,1,45772398232
25/04/2025 09:33:32,83.8,85.63368,91.1,1,45772398290
25/04/2025 09:33:37,83.8,85.63368,91,1,45772398348
25/04/2025 09:33:42,83.9,85.56134,91,1,45772398406
25/04/2025 09:33:47,83.8,85.56134,91,1,45772398464
25/04/2025 09:33:52,83.8,85.60474,90.9,1,45772398522
25/04/2025 09:33:57,83.8,85.69155,90.9,1,45772398580
25/04/2025 09:34:02,83.8,85.67708,90.9,1,45772398638
25/04/2025 09:34:07,83.7,85.60474,90.9,1,45772398696
25/04/2025 09:34:12,83.8,85.43114,90.9,1,45772398754
25/04/2025 09:34:17,83.7,85.37327,90.9,1,45772398812
25/04/2025 09:34:22,83.7,85.28645,90.9,1,45772398870
25/04/2025 09:34:27,83.7,85.14178,90.9,1,45772398928
25/04/2025 09:34:32,83.7,85.25752,90.8,1,45772398986
25/04/2025 09:34:37,83.7,85.25752,90.9,1,45772399044
25/04/2025 09:34:42,83.7,85.21412,90.8,1,45772399102
25/04/2025 09:34:47,83.6,85.17072,90.8,1,45772399160
25/04/2025 09:34:52,83.7,85.14178,90.7,1,45772399218
25/04/2025 09:34:57,83.6,85.09838,90.7,1,45772399276
25/04/2025 09:35:02,83.6,85.04051,90.8,1,45772399334
25/04/2025 09:35:07,83.6,85.04051,90.7,1,45772399392
25/04/2025 09:35:13,83.6,85.01157,90.7,1,45772399450
25/04/2025 09:35:18,83.6,85.08392,90.7,1,45772399508
25/04/2025 09:35:23,83.6,85.09838,90.7,1,45772399566
25/04/2025 09:35:28,83.6,85.05498,90.6,1,45772399625
25/04/2025 09:35:33,83.6,85.01157,90.6,1,45772399683
25/04/2025 09:35:38,83.5,85.01157,90.6,1,45772399741
25/04/2025 09:35:43,83.5,85.05498,90.6,1,45772399799
25/04/2025 09:35:48,83.5,85.05498,90.6,1,45772399857
25/04/2025 09:35:53,83.5,85.05498,90.5,1,45772399915
25/04/2025 09:35:58,83.5,85.06944,90.5,1,45772399973
25/04/2025 09:36:03,83.5,85.09838,90.5,1,45772400031
25/04/2025 09:36:08,83.6,85.09838,90.5,1,45772400089
25/04/2025 09:36:13,83.6,85.11285,90.4,1,45772400147
25/04/2025 09:36:18,83.6,85.17072,90.4,1,45772400205
25/04/2025 09:36:23,83.6,85.21412,90.4,1,45772400263
25/04/2025 09:36:28,83.6,85.28645,90.3,1,45772400321
25/04/2025 09:36:33,83.6,85.31539,90.3,1,45772400379
25/04/2025 09:36:38,83.6,85.3588,90.3,1,45772400437
25/04/2025 09:36:43,83.7,85.38773,90.2,1,45772400495
25/04/2025 09:36:48,83.7,85.38773,90.3,1,45772400553
25/04/2025 09:36:53,83.7,85.38773,90.2,1,45772400611
25/04/2025 09:36:58,83.7,85.4022,90.2,1,45772400669
25/04/2025 09:37:03,83.7,85.3588,90.1,1,45772400727
25/04/2025 09:37:08,83.8,85.34433,90.1,1,45772400785
25/04/2025 09:37:13,83.8,85.32986,90.1,1,45772400843
25/04/2025 09:37:18,83.8,85.25752,90.1,1,45772400901
25/04/2025 09:37:23,83.8,85.21412,90.1,1,45772400959
25/04/2025 09:37:28,83.7,85.22858,90,1,45772401017
25/04/2025 09:37:33,83.7,85.21412,90,1,45772401075
25/04/2025 09:37:38,83.7,85.21412,90,1,45772401133
25/04/2025 09:37:43,83.7,85.25752,90,1,45772401192
25/04/2025 09:37:48,83.7,85.25752,90,1,45772401250
25/04/2025 09:37:53,83.7,85.21412,90,1,45772401308
25/04/2025 09:37:58,83.7,85.22858,90.1,1,45772401366
25/04/2025 09:38:03,83.7,85.22858,90,1,45772401424
25/04/2025 09:38:08,83.7,85.21412,90,1,45772401482
25/04/2025 09:38:13,83.7,85.25752,90,1,45772401540
25/04/2025 09:38:18,83.7,85.27199,90,1,45772401598
25/04/2025 09:38:23,83.7,85.30093,90,1,45772401656
25/04/2025 09:38:28,83.7,85.30093,90,1,45772401714
25/04/2025 09:38:33,83.7,85.38773,90,1,45772401772
25/04/2025 09:38:38,83.7,85.47454,90,1,45772401830
25/04/2025 09:38:43,83.7,85.57581,90.1,1,45772401888
25/04/2025 09:38:48,83.7,85.54688,90.1,1,45772401946
25/04/2025 09:38:53,83.7,85.60474,90.1,1,45772402004
25/04/2025 09:38:58,83.7,85.64815,90.1,1,45772402062
25/04/2025 09:39:03,83.7,85.63368,90.1,1,45772402120
25/04/2025 09:39:08,83.7,85.64815,90.1,1,45772402178
25/04/2025 09:39:13,83.7,85.59028,90.1,1,45772402236